Index,Début,Fin,Code Poste,Nature Analytique,1,2,3,4,5,UP,FA,Ressource,UNIT,Commentaire,M (%),M (QTE),M-1,PLG,Q/MOIS,€/MOIS,1x,2x,3x,4x,5÷,RECAL,Qté,PU,DEV.,TOTAL,SOUS-TOTAL
773,,,583100,,INSTALLATION DE CHANTIER,"","","",,"","","",,"",,"",0,"","","",,,,,"","",0,0,$,"",""
774,,,583100,,"",CANTONNEMENTS,"","",,"","","",,"",,"",0,"","","",,,,,"","",0,0,$,"",""
775,,,583100,,"","",ROULOTTES,"",,"","","",,"",,"",0,"","","",,,,,"","",0,0,$,"",""
776,,,583100,0950201,"","","","",roulotte de chantier Tunnel,"","",,,,,,,"","","",,,,,"","",,,,"",""
777,,,583100,0950201,,,,,,X,"",roulotte de chantier Tunnel,,5 roulottes dans le tunnel 18 mois + 1 mois,,15,0,"","","",19,5,,,"","",95,800,$,"",""
778,,,583100,90AL02,"","","","",Chef d'équipe - Majoré 7/14,"","",,,,,,,"","","",,,,,"","",,,,"",""
779,,,583100,90AL02,,,,,,X,"",Chef d'équipe - Majoré 7/14,hre,déplacement des ateliers roulotte + toilette,,324,0,"","","",76,3,9,1,"","",2052,94.05,$,"",""
780,,,583100,90AL02,"","","","",Chef d'équipe - Majoré 7/14,"","",,,,,,,"","","",,,,,"","",,,,"",""
781,,,583100,90AL02,,,,,,X,"",Chef d'équipe - Majoré 7/14,hre,déplacement des ateliers roulotte + toilette 4 gars  et 1 FM,,1296,0,"","","",76,3,9,4,"","",8208,94.05,$,"",""
782,,,583100,0950201,"","","","",bloc sanitaire,"","",,,,,,,"","","",,,,,"","",,,,"",""
783,,,583100,0950201,,,,,,X,"",bloc sanitaire,,5 bloc sanitaire 18 mois + 1 mois,,15,0,"","","",19,5,,,"","",95,1700,$,"",""
784,,,583100,4000001,"","","","",Entretient Bloc Sanitaires Tunnel,"","",,,,,,,"","","",,,,,"","",,,,"",""
785,,,583100,4000001,,,,,,X,"",Entretient Bloc Sanitaires Tunnel,,entretient 4 blocsx18moisx4semaine/mois,,12,0,"","","",4,4,18,,"","",288,1200,$,"",""
786,,,583100,0950201,"","","","",vidange,"","",,,,,,,"","","",,,,,"","",,,,"",""
787,,,583100,0950201,,,,,,X,"",vidange,,18 mois x 5 semaines x 4 conteneurs a 595$ la fois 2 fois sem),,120,0,"","","",18,5,4,2,"","",720,595,$,"",""
788,,,583100,,"","",CONTENEURS,"",,"","","",,"",,"",0,"","","",,,,,"","",0,0,$,"",""
789,,,583100,0950201,"","","","",,X,"",Conteneur 20 pieds,u,4 conteneurs,,"",0,"","","",4,,,,"","",4,8000,$,"",""
791,,,583100,,ENCADREMENT,"","","",,"","","",,"",,"",0,"","","",,,,,"","",0,0,$,"",""
793,,,,,MAIN D'ŒUVRE,"","","",,"","","",,"",,"",0,"","","",,,,,"","",0,0,$,"",""
794,,,,,"",GENERAL,"","",,"","","",,"",,"",0,"","","",,,,,"","",0,0,$,"",""
795,,,,,"","",GRUTIER,"",,"","","",,"",,"",0,"","","",,,,,"","",0,0,$,"",""
797,,,583100,,"","",SIGNALEURS,"",,"","","",,"",,"",0,"","","",,,,,"","",0,0,$,"",""
798,,,583100,90AL02,"","","","",Ouvrier - Simple,"","",,,,,,,"","","",,,,,"","",,,,"",""
799,,,583100,90AL02,,,,,,X,"",Ouvrier - Simple,hre,2 signaleurs pendant 18 mois 24h 7j/7 = 420j,,4320,0,"","","",2,24,18,30,"","",25920,79.15,$,"",""
800,,,584300,,"","",FINISSEURS DE BÉTON,"",,"","","",,"",,"",0,"","","",,,,,"","",0,0,$,"",""
801,,,584300,0000002,"","","","",Petits outils finition Wet,"","",,,,,,,"","","",,,,,"","",,,,"",""
802,,,584300,0000002,,,,,,X,"",Petits outils finition Wet,,"3$ du m² 12,3m + 3 m + 3 m corridor",,"",0,"","","",12.3,1392,1,,"","",17121.6,3,$,"",""
803,,,584300,0000002,"","","","",Petits outils finition Dry,"","",,,,,,,"","","",,,,,"","",,,,"",""
804,,,584300,0000002,,,,,,X,"",Petits outils finition Dry,,"2$/m²12,3m + 5m + 5 m corridor",,"",0,"","","",22.3,1392,,,"","",31041.6,2,$,"",""
805,,,584300,0000002,"","","","",Gommaco ou Razorback,"","",,,,,,,"","","",,,,,"","",,,,"",""
806,,,584300,0000002,,,,,,X,"",Gommaco ou Razorback,,Machine pour finition du béton,,"",0,"","","",2,,,,"","",2,75000,$,"",""
807,,,584300,90AL02,"","","","",Ouvrier - Simple,"","",,,,,,,"","","",,,,,"","",,,,"",""
808,,,584300,90AL02,,,,,,X,"",Ouvrier - Simple,hre,3 finisseurs pendant 6 mois - 5j/7,,"",0,"","","",3,9,120,,"","",3240,79.15,$,"",""
809,,,584300,90AL02,"","","","",Chef d'équipe - Simple,"","",,,,,,,"","","",,,,,"","",,,,"",""
810,,,584300,90AL02,,,,,,X,"",Chef d'équipe - Simple,hre,1 chef d'équipe pendant 6 mois - 5j/7,,"",0,"","","",1,9,120,,"","",1080,89.26,$,"",""
811,,,583100,,"","",EQUIPE DE SUIVI ET MAIMTEMAMCE DU POMPAGE,"",,"","","",,"",,"",0,"","","",,,,,"","",0,0,$,"",""
812,,,583100,90AL02,"","","","",Chef d'équipe - Simple,"","",,,,,,,"","","",,,,,"","",,,,"",""
813,,,583100,90AL02,,,,,,X,"",Chef d'équipe - Simple,hre,équipe de soutiens pompage (6 mois 1 gars),,"227,3684211",0,"","","",1,12,6,20,"","",1440,89.26,$,"",""
814,,,583100,90AL02,"","","","",Ouvrier - Simple,"","",,,,,,,"","","",,,,,"","",,,,"",""
815,,,583100,90AL02,,,,,,X,"",Ouvrier - Simple,hre,équipe de soutiens pompage (6 mois 12 gars),,"2728,421053",0,"","","",12,12,6,20,"","",17280,79.15,$,"",""
816,,,583100,,"","",EQUIPE DE SUIVI POUR VENTILATEUR,"",,"","","",,"",,"",0,"","","",,,,,"","",0,0,$,"",""
817,,,583100,,"","","",Installation,,"","","",,"",,"",0,"","","",,,,,"","",0,0,$,"",""
818,,,583100,90AL02,"","","","",Ouvrier - Simple,"","",,,,,,,"","","",,,,,"","",,,,"",""
819,,,583100,90AL02,,,,,,X,"",Ouvrier - Simple,hre,Installation ventilateurs + silencieux ; 4 hommes - 3 semaines,,540,0,"","","",4,9,15,,"","",540,79.15,$,"",""
820,,,583100,90AL02,"","","","",Chef d'équipe - Simple,"","",,,,,,,"","","",,,,,"","",,,,"",""
821,,,583100,90AL02,,,,,,X,"",Chef d'équipe - Simple,hre,Installation ventilateurs + silencieux ; 3 semaines,,135,0,"","","",1,9,15,,"","",135,89.26,$,"",""
822,,,583100,,"","","",Deplacement,,"","","",,"",,"",0,"","","",,,,,"","",0,0,$,"",""
823,,,583100,90AL02,"","","","",,"","",Ouvrier - Simple,hre,Deplacement ventilateurs + silencieux ; 4 hommes - 3 semaines,,"",0,"","","",4,5,10,,"","",200,79.15,$,"",""
824,,,583100,90AL02,"","","","",,"","",Chef d'équipe - Simple,hre,Installation ventilateurs + silencieux ; 3 semaines,,"",0,"","","",1,5,10,,"","",50,89.26,$,"",""
825,,,583100,4500005,"","","","",,X,"",Petit outillage,u,7% de la M-O,,"",0,"","","",75084.1,0.07,,,"","",5255.887,1,$,"",""
826,,,583100,,"","",ÉQUIPE DE NETTOYAGE,"",,"","","",,"",,"",0,"","","",,,,,"","",0,0,$,"",""
827,,,583100,90AL02,"","","","",Ouvrier - Simple,"","",,,,,,,"","","",,,,,"","",,,,"",""
828,,,583100,90AL02,,,,,,X,"",Ouvrier - Simple,hre,1 équipe 2 hommes  pendant 15 mois = 420j,,1512,0,"","","",2,9,420,,"","",7560,79.15,$,"",""
829,,,583100,90AL02,"","","","",Chef d'équipe - Simple,"","",,,,,,,"","","",,,,,"","",,,,"",""
830,,,583100,90AL02,,,,,,X,"",Chef d'équipe - Simple,hre,15 mois,,756,0,"","","",1,9,420,,"","",3780,89.26,$,"",""
831,,,583100,0000002,"","","","",Balayeuse S16,"","",,,,,,,"","","",,,,,"","",,,,"",""
832,,,583100,0000002,,,,,,X,"",Balayeuse S16,,"",20,"",0,"","","",1,,,,"","",1,49116,$,"",""
833,,,583100,0970004,"","","","",Camion vacuum,"","",,,,,,,"","","",,,,,"","",,,,"",""
834,,,583100,0970004,,,,,,X,"",Camion vacuum,,12 mois - 3 fois semaine - prix selon TCO,20,"",0,"","","",3,56,,,"","",168,4500,$,"",""
835,,,583100,,"","",SOUTIEN AUX SOUS-TRAITANTS,"",,"","","",,"",,"",0,"","","",,,,,"","",0,0,$,"",""
836,,,583100,90AL02,"","","","",Ouvrier - Simple,"","",,,,,,,"","","",,,,,"","",,,,"",""
837,,,583100,90AL02,,,,,,X,"",Ouvrier - Simple,hre,1 équipe 4 hommes pendant 15 mois = 420j,,1512,0,"","","",4,9,420,,"","",15120,79.15,$,"",""
838,,,583100,90AL02,"","","","",Ouvrier - Simple,"","",,,,,,,"","","",,,,,"","",,,,"",""
839,,,583100,90AL02,,,,,,X,"",Ouvrier - Simple,hre,soutiens WSP + nos gars (3 mois 4 gars ),,1440,0,"","","",4,9,60,,"","",2160,79.15,$,"",""
840,,,583100,90AL02,"","","","",Chef d'équipe - Simple,"","",,,,,,,"","","",,,,,"","",,,,"",""
841,,,583100,90AL02,,,,,,X,"",Chef d'équipe - Simple,hre,"",,756,0,"","","",1,9,420,,"","",3780,89.26,$,"",""
842,,,583100,90AL02,"","","","",Ouvrier - Simple,"","",,,,,,,"","","",,,,,"","",,,,"",""
843,,,583100,90AL02,,,,,,X,"",Ouvrier - Simple,hre,Soutien rabotage GERCOM - Tube sud - nettoyage 15Mpa,50,"",0,"","","",2,9,5,13,"","",1170,79.15,$,"",""
844,,,583100,4500005,"","","","",Petit outillage,"","",,,,,,,"","","",,,,,"","",,,,"",""
845,,,583100,4500005,,,,,,X,"",Petit outillage,u,Soutien rabotage GERCOM - Tube sud - 7%,50,"",0,"","","",7123,0.07,,13,"","",6481.93,1,$,"",""
846,,,583100,90AL02,"","","","",Ouvrier - Simple,"","",,,,,,,"","","",,,,,"","",,,,"",""
847,,,583100,90AL02,,,,,,X,"",Ouvrier - Simple,hre,Soutien FORMAX Délaminé radier - Béton sans surépaisseur,50,"",0,"","","",4,2,,13,"","",104,79.15,$,"",""
848,,,583100,4500005,"","","","",Petit outillage,"","",,,,,,,"","","",,,,,"","",,,,"",""
849,,,583100,4500005,,,,,,X,"",Petit outillage,u,Soutien FORMAX Délaminé radier - Béton sans surépaisseur,50,"",0,"","","",633.2,0.07,,13,"","",576.212,1,$,"",""
850,,,583100,,"","",CONDUCTEUR D'ENGINS,"",,"","","",,"",,"",0,"","","",,,,,"","",0,0,$,"",""
851,,,583100,90AL04,"","","","",Conducteur engin - Majoré 7/14,"","",,,,,,,"","","",,,,,"","",,,,"",""
852,,,583100,90AL04,,,,,,X,"",Conducteur engin - Majoré 7/14,hre,conducteur Merlo - 15 mois,,970,0,"","","",1,15,4.2,77,"","",4851,89.81,$,"",""
853,,,,,MATERIEL GENERAL,"","","",,"","","",,"",,"",0,"","","",,,,,"","",0,0,$,"",""
854,,,,,"",LEVAGE,"","",,"","","",,"",,"",0,"","","",,,,,"","",0,0,$,"",""
855,,,,,"","",GRUE A TOUR,"",,"","","",,"",,"",0,"","","",,,,,"","",0,0,$,"",""
857,,,,,"","",PORTIQUE,"",,"","","",,"",,"",0,"","","",,,,,"","",0,0,$,"",""
859,,,,,"","",GRUE MOBILE,"",,"","","",,"",,"",0,"","","",,,,,"","",0,0,$,"",""
860,,,584300,,"","","",Grue mobile 90 T pour montage outil de voûtes,,"","","",,"",,"",0,"","","",,,,,"","",0,0,$,"",""
861,,,584300,,"","","","",Location,"","",,,,,,,"","","",,,,,"","",,,,"",""
863,,,584300,0784101,"","","","",,X,"",Grue mobile 90T,jrs,1 grue pendant 4 mois,,"",0,"","","",1,4,28,,"","",112,2544,$,"",""
865,,,583100,,"","","",Grue mobile 60 T,,"","","",,"",,"",0,"","","",,,,,"","",0,0,$,"",""
866,,,583100,,"","","","",Location,"","",,,,,,,"","","",,,,,"","",,,,"",""
868,,,583100,0784101,"","","","",,X,"",Grue mobile 60T,jrs,1 grue pendant 4 mois,,"",0,"","","",1,4,28,,"","",112,2610,$,"",""
869,,,585500,,"","","",Grue mobile 45 T - Nord,,"","","",,"",,"",0,"","","",,,,,"","",0,0,$,"",""
870,,,585500,0784101,"","","","",Grue mobile 45T,"","",,,,,,,"","","",,,,,"","",,,,"",""
871,,,585500,0784101,,,,,,X,"",Grue mobile 45T,jrs,1 grue par côté pendant 4 mois,,"",0,"","","",1,4,28,,"","",112,1672,$,"",""
872,,,585500,2000301,"","","","",Mob/démob,"","",,,,,,,"","","",,,,,"","",,,,"",""
873,,,585500,2000301,,,,,,X,"",Mob/démob,,4 unités par grue,,"",0,"","","",1,4,,,"","",4,1000,$,"",""
874,,,585500,7000501,"","","","",Maintenance,"","",,,,,,,"","","",,,,,"","",,,,"",""
875,,,585500,7000501,,,,,,X,"",Maintenance,,1 maintenance par grue,,"",0,"","","",1,1,,,"","",1,2000,$,"",""
876,,,585600,,"","","",Grue mobile 45 T - Sud,,"","","",,"",,"",,"","","",,,,,"","",0,0,$,"",""
877,,,585600,0784101,"","","","",Grue mobile 45T,"","",,,,,,,"","","",,,,,"","",,,,"",""
878,,,585600,0784101,,,,,,X,"",Grue mobile 45T,jrs,1 grue par côté pendant 4 mois,,"",,"","","",1,4,28,,"","",112,1672,$,"",""
879,,,585600,2000301,"","","","",Mob/démob,"","",,,,,,,"","","",,,,,"","",,,,"",""
880,,,585600,2000301,,,,,,X,"",Mob/démob,,4 unités par grue,,"",,"","","",1,4,,,"","",4,1000,$,"",""
881,,,585600,7000501,"","","","",Maintenance,"","",,,,,,,"","","",,,,,"","",,,,"",""
882,,,585600,7000501,,,,,,X,"",Maintenance,,1 maintenance par grue,,"",,"","","",1,1,,,"","",1,2000,$,"",""
884,,,583100,,"","","",Grue mobile compacte,,"","","",,"",,"",0,"","","",,,,,"","",0,0,$,"",""
885,,,583100,0300201,"","","","",Merlot 20T,"","",,,,,,,"","","",,,,,"","",,,,"",""
886,,,583100,0300201,,,,,,X,"",Merlot 20T,,équipement présent dans le tunnel pour day to day activities,,"",0,"","","",1,15,4.2,77,"","",4851,250,$,"",""
887,,,583100,7000501,"","","","",Remise en état des locations,"","",,,,,,,"","","",,,,,"","",,,,"",""
888,,,583100,7000501,,,,,,X,"",Remise en état des locations,,Remise en 2tqt en fin de chqntier,,"",0,"","","",1,,,,"","",1,2500,$,"",""
889,,,583100,,"","",GRUE A CHENILLE,"",,"","","",,"",,"",0,"","","",,,,,"","",0,0,$,"",""
891,,,583100,,"","",ACCESSOIRES DE LEVAGE,"",,"","","",,"",,"",0,"","","",,,,,"","",0,0,$,"",""
892,,,583100,,"","","",PALONNIERS,,"","","",,"",,"",0,"","","",,,,,"","",0,0,$,"",""
894,,,583100,,"","","",ELINGUES,,"","","",,"",,"",0,"","","",,,,,"","",0,0,$,"",""
895,,,583100,0784101,"","","","",,X,"",élinguage général,mois,consommation mensuel des 2lingues,,"",0,"","","",18,,,,"","",18,11120,$,"",""
896,,,583100,,"","","",ANNEAUX DE LEVAGE,,"","","",,"",,"",0,"","","",,,,,"","",0,0,$,"",""
897,,,583100,0784101,"","","","",,X,"",Anneaux de levages 20T,u,4 anneaux tous les 6 mois,,"",0,"","","",4,3,,,"","",12,3500,$,"",""
898,,,583100,,"","","",VERIFICATIONS PERIODIQUES,,"","","",,"",,"",0,"","","",,,,,"","",0,0,$,"",""
899,,,583100,7000501,"","","","",,X,"",Verification annuelle des appareaux,u,2 controles,,"",0,"","","",2,,,,"","",2,10000,$,"",""
900,,,583100,,"","","",ACCESSOIRES,,"","","",,"",,"",0,"","","",,,,,"","",0,0,$,"",""
901,,,583100,4400004,"","","","",,X,"",Comsommable des apppareaux,mois,consommation mensuelle,,"",0,"","","",18,,,,"","",18,10000,$,"",""
902,,,583100,,"",MATERIEL DE COFFRAGE,"","",,"","","",,"",,"",0,"","","",,,,,"","",0,0,$,"",""
903,,,583100,,"","",COFFRAGES OUTILS,"",,"","","",,"",,"",0,"","","",,,,,"","",0,0,$,"",""
904,,,584300,,"","","",Outils Murs et Voûtes,,"","","",,"",,"",0,"","","",,,,,"","",0,0,$,"",""
905,,,584300,,"","","","",Fabrication et livraison des coffrages,"","",,,,,,,"","","",,,,,"","",,,,"",""
907,,,584300,0000002,"","","","",,"","",Fabrication et fourniture  - Coffrage murs,u,5 paires d'outils,,"",0,"","","",5,2,,,"","",10,153600,$,"",""
908,,,584300,0000002,"","","","",,"","",Adaptation longueur,u,"",,"",0,"","","",8,,,,"","",8,18650,$,"",""
909,,,584300,0000002,"","","","",,"","",Plus value acier supplémentaire,u,"",,"",0,"","","",8,,,,"","",8,3576,$,"",""
910,,,584300,0000002,"","","","",,"","",Fabrication et fourniture - Système de roulement,u,"",,"",0,"","","",5,2,,,"","",10,7200,$,"",""
911,,,584300,0000002,"","","","",,"","",Plus value transport,u,"",,"",0,"","","",8,,,,"","",8,2400,$,"",""
912,,,584300,0000002,"","","","",,"","",Fabrication et fourniture  - Coffrage voûtes,u,5 outils,,"",0,"","","",5,,,,"","",5,266400,$,"",""
913,,,584300,0000002,"","","","",,"","",Fabrication et fourniture - Système de roulement,u,"",,"",0,"","","",5,,,,"","",5,36000,$,"",""
914,,,584300,0000002,"","","","",,"","",Plus value acier supplémentaire,u,"",,"",0,"","","",4,,,,"","",4,7440,$,"",""
915,,,584300,0000002,"","","","",,X,"",Plus value transport,u,"",,"",0,"","","",4,,,,"","",4,4600,$,"",""
916,,,584300,,"","","","",Ingénierie,"","",,,,,,,"","","",,,,,"","",,,,"",""
918,,,584300,0000002,"","","","",,"","",Conception et services d'ingénierie pour l'outil Mur,u,Compris dans la fourniture et livraison,,"",0,"","","",1,,,,"","",1,12000,$,"",""
919,,,584300,0000002,"","","","",,"","",Signature des plans et des documents par un Ingénieur du Québec,u,"",,"",0,"","","",1,,,,"","",1,6000,$,"",""
920,,,584300,0000002,"","","","",,"","",Conception et services d'ingénierie pour l'outil Voûte,u,"",,"",0,"","","",1,,,,"","",1,12000,$,"",""
921,,,584300,0000002,"","","","",,"","",Signature des plans et des documents par un Ingénieur du Québec,u,"",,"",0,"","","",1,,,,"","",1,6000,$,"",""
922,,,584300,0000002,"","","","",,"","",Mobilisation pour support technique en chantier pour le Moke-Up,u,"",,"",0,"","","",1,,,,"","",1,1250,$,"",""
923,,,584300,0000002,"","","","",,"","",Support technique en chaniter pour le Moke-Up,jrs,"",,"",0,"","","",10,,,,"","",10,900,$,"",""
924,,,584300,0000002,"","","","",,"","",Mobilisation pour support technique en chantier,u,"",,"",0,"","","",2,,,,"","",2,1250,$,"",""
925,,,584300,0000002,"","","","",,"","",Support technique en chaniter,jrs,"",,"",0,"","","",40,,,,"","",40,900,$,"",""
926,,,584300,0000002,"","","","",,"","",Mobilisation pour support d'urgence en chantier,u,"",,"",0,"","","",2,,,,"","",2,1900,$,"",""
927,,,584300,0000002,"","","","",,X,"",Support technique en cas d'urgence en chantier,jrs,"",,"",0,"","","",10,,,,"","",10,1050,$,"",""
928,,,584300,,"","","","",Livraison,"","",,,,,,,"","","",,,,,"","",,,,"",""
930,,,584300,0000002,"","","","",,"","","Livraison des outils de murs au Canada, incluant frais de douanes",u,"",,"",0,"","","",5,2,,,"","",10,16200,$,"",""
931,,,584300,0000002,"","","","",,"","",Incidence poids,u,"",,"",0,"","","",4,2,,,"","",8,6000,$,"",""
932,,,584300,0000002,"","","","",,"","",Transport des outils de murs en chantier,u,"",,"",0,"","","",5,2,,,"","",10,1900,$,"",""
933,,,584300,0000002,"","","","",,"","","Livraison des outils voûtes au Canada, incluant frais de douanes",u,"",,"",0,"","","",5,,,,"","",5,36000,$,"",""
934,,,584300,0000002,"","","","",,"","",Incidence poids,,"",,"",0,"","","",4,,,,"","",4,16000,$,"",""
935,,,584300,0000002,"","","","",,X,"",Transport des outils Voûtes en chantier,u,"",,"",0,"","","",5,,,,"","",5,4800,$,"",""
936,,,584300,,"","","","",Options,"","",,,,,,,"","","",,,,,"","",,,,"",""
938,,,584300,0000002,"","","","",,"","",Vibrateurs externes des outils de Murs,u,"",,"",0,"","","",4,2,,,"","",8,1624,$,"",""
939,,,584300,0000002,"","","","",,"","",Vibrateurs externes des outils de Murs - Moke-Up,u,"",,"",0,"","","",1,2,,,"","",2,7700,$,"",""
940,,,584300,0000002,"","","","",,"","",Distribution de béton des outils de Murs,u,"",,"",0,"","","",5,2,,,"","",10,15400,$,"",""
941,,,584300,0000002,"","","","",,"","",Vibrateurs externes des outils de Voûtes,u,"",,"",0,"","","",1,,,,"","",1,20160,$,"",""
942,,,584300,0000002,"","","","",,"","",Vibrateurs externes des outils de Voûtes,u,"",,"",0,"","","",4,,,,"","",4,3160,$,"",""
943,,,584300,0000002,"","","","",,"","",Distribution de béton des outils de Voûtes,u,"",,"",0,"","","",5,,,,"","",5,30800,$,"",""
944,,,584300,0000002,"","","","",,X,"",Modificaiton de la course des vérins et des trustures métalliques verticales,u,"",,"",0,"","","",6,,,,"","",6,2800,$,"",""
945,,,584300,,"","","","",Frais divers (ci-dessous),"","",,,,,,,"","","",,,,,"","",,,,"",""
948,,,584300,0000002,"","","","",Chariot de transfert des coffrages de murs,"","",,,,,,,"","","",,,,,"","",,,,"",""
949,,,584300,0000002,,,,,,X,"",Chariot de transfert des coffrages de murs,u,"",70,"",0,"","","",3,,,,"","",3,12730,$,"",""
950,,,584300,0000002,"","","","",Colisage,"","",,,,,,,"","","",,,,,"","",,,,"",""
951,,,584300,0000002,,,,,,X,"",Colisage,u,"",20,"",0,"","","",8,,,,"","",8,1100,$,"",""
952,,,584300,0000002,"","","","",Conteneurs 40',"","",,,,,,,"","","",,,,,"","",,,,"",""
953,,,584300,0000002,,,,,,X,"",Conteneurs 40',u,"",20,"",0,"","","",38,,,,"","",38,3500,$,"",""
955,,,584300,0000002,"","","","",Complément Moke-Up,"","",,,,,,,"","","",,,,,"","",,,,"",""
956,,,584300,0000002,,,,,,X,"",Complément Moke-Up,fft,"",90,"",,"","","",1,,,,"","",1,46700,$,"",""
958,,,584300,,"","","","",Hors MURER (ci-dessous),"","",,,,,,,"","","",,,,,"","",,,,"",""
961,,,584300,4400004,"","","","",Contingence pour remise en état,"","",,,,,,,"","","",,,,,"","",,,,"",""
962,,,584300,4400004,,,,,,X,"",Contingence pour remise en état,,"Remise en état après la phase 1, 1000h 100$/H<",0,"",0,"","","",1000,,,,"","",1000,100,$,"",""
963,,,584300,4500005,"","","","",petits outils,"","",,,,,,,"","","",,,,,"","",,,,"",""
964,,,584300,4500005,,,,,,X,"",petits outils,,7% de la M-O,20,"",0,"","","",1,,,,"","",1,315000,$,"",""
966,,,584300,,"","","",Contrôle sur outils coffrants,,"","","",,"",,"",0,"","","",,,,,"","",0,0,$,"",""
967,,,584300,,"","","","",Contrôle de production des outils en atelier,"","",,,,,,,"","","",,,,,"","",,,,"",""
969,,,584300,7000501,"","","","",,"","",Contrôle des productions à l'usine pour outil de murs,u,2 contrôles par paire de mur durant la fabrication,,"",0,"","","",2,4,,,"","",8,2000,$,"",""
970,,,584300,7000501,"","","","",,X,"",Contrôle des productions à l'usine pour outil de voûtes,u,2 contrôles par outils,,"",0,"","","",2,5,,,"","",10,2000,$,"",""
971,,,584300,,"",MATERIEL DE BETONNAGE,"","",,"","","",,"",,"",0,"","","",,,,,"","",0,0,$,"",""
972,,,584300,,"","",MATERIEL DE VIBRATION,"",,"","","",,"",,"",0,"","","",,,,,"","",0,0,$,"",""
973,,,584300,0300201,"","","","",Vibreurs et materiel associe,"","",,,,,,,"","","",,,,,"","",,,,"",""
974,,,584300,0300201,,,,,,X,"",Vibreurs et materiel associe,mois,"",,3,0,"","","",18,,,,"","",18,1500,$,"",""
975,,,584300,,"","",BENNES A BETON,"",,"","","",,"",,"",0,"","","",,,,,"","",0,0,$,"",""
976,,,584300,,"","","",Portails et approches,,"","","",,"",,"",0,"","","",,,,,"","",0,0,$,"",""
977,,,584300,0970004,"","","","",Bennes à béton,"","",,,,,,,"","","",,,,,"","",,,,"",""
978,,,584300,0970004,,,,,,X,"",Bennes à béton,mois,2 bennes par côté pendant 18 mois,,12,0,"","","",4,18,,,"","",72,300,$,"",""
979,,,584300,0970004,"","","","",Bacs de lavage,"","",,,,,,,"","","",,,,,"","",,,,"",""
980,,,584300,0970004,,,,,,X,"",Bacs de lavage,mois,3 bacs par côté pendant 18mois,,18,0,"","","",6,18,,,"","",108,200,$,"",""
981,,,584300,,"","",ACCESSOIRES DE BETONNAGE,"",,"","","",,"",,"",0,"","","",,,,,"","",0,0,$,"",""
982,,,584300,,"","","","",Pompe à béton,"","",,,,,,,"","","",,,,,"","",,,,"",""
984,,,584300,0700302,"","","","",,"","",Pompe à mât avec opérateur et aide-op,jrs,1 pompe pour portails et approches - 4 mois,,"",0,"","","",,,,,"","",0,0,$,"",""
985,,,584300,2000301,"","","","",,X,"",Mob/démob pompe à mât,u,10 mob/démob,,"",0,"","","",10,,,,"","",10,500,$,"",""
986,,,584300,,"","",BÉTONNAGE DE LA CHAPE TUNNEL,"",,"","","",,"",,"",0,"","","",,,,,"","",0,0,$,"",""
987,,,584300,,"","","","",Finisseuse automotrice,"","",,,,,,,"","","",,,,,"","",,,,"",""
989,,,584300,0970004,"","","","",,X,"",Razorback,,Achat de deux machines,,"",0,"","","",2,,,,"","",2,75000,$,"",""
990,,,584300,,"",MATERIEL HYDRAULIQUE,"","",,"","","",,"",,"",0,"","","",,,,,"","",0,0,$,"",""
991,,,584300,,"","",CONSOMMABLE HYDRAULIQUE,"",,"","","",,"",,"",0,"","","",,,,,"","",0,0,$,"",""
992,,,584300,,"","","","",Huile hydraulique pour remplissage des centrales d'outils,"","",,,,,,,"","","",,,,,"","",,,,"",""
994,,,584300,4400004,"","","","",,X,"",Huile hydraulique,l,200 litres par outils pour mise en route,,"",0,"","","",15,200,,,"","",3000,5,$,"",""
995,,,584300,,"","","","",Huile hydraulique pour appoint des outils coffrants,"","",,,,,,,"","","",,,,,"","",,,,"",""
997,,,584300,4400004,"","","","",,X,"",Huile hydraulique,l,50 litres en appoints tous les mois et par outils,,"",0,"","","",15,4.5,50,,"","",3375,5,$,"",""
999,,,584300,,"","",PIECES DE RECHANGE SYSTÈME HYDRAULIQUE,"",,"","","",,"",,"",0,"","","",,,,,"","",0,0,$,"",""
1000,,,584300,,"","","","",Matériel pour outils coffrants - murs,"","",,,,,,,"","","",,,,,"","",,,,"",""
1002,,,584300,4500005,"","","","",,"","",Vérins de rotation pour outils de mur,u,2 vérins à changer par outils,,"",0,"","","",2,10,,,"","",20,500,$,"",""
1003,,,584300,4500005,"","","","",,"","",Vérins de montée/descente,u,4 vérins à changer par outils,,"",0,"","","",4,10,,,"","",40,500,$,"",""
1004,,,584300,4500005,"","","","",,"","",Vérins de translation,u,2 vérins à changer par outils,,"",0,"","","",2,10,,,"","",20,500,$,"",""
1005,,,584300,4500005,"","","","",,"","",Powearpack,u,1 équipement par outils,,"",0,"","","",1,10,,,"","",10,5000,$,"",""
1006,,,584300,4500005,"","","","",,"","",Moteur hydraulique,u,2 moteurs par outils,,"",0,"","","",2,10,,,"","",20,1500,$,"",""
1007,,,584300,4500005,"","","","",,X,"",Treuils de distribution béton,u,1  treuil par outil,,"",0,"","","",1,10,,,"","",10,2000,$,"",""
1008,,,584300,,"","","","",Matériel pour outils coffrants - voûte,"","",,,,,,,"","","",,,,,"","",,,,"",""
1010,,,584300,4500005,"","","","",,"","",Powearpack,u,1 équipement par outils,,"",0,"","","",1,5,,,"","",5,5000,$,"",""
1011,,,584300,4500005,"","","","",,"","",Moteur,u,4 moteurs Av/Ar pour outils,,"",0,"","","",4,5,,,"","",20,1500,$,"",""
1012,,,584300,4500005,"","","","",,"","",Vérins de montée/descente,u,4 vérins à changer par outils,,"",0,"","","",4,5,,,"","",20,500,$,"",""
1013,,,584300,4500005,"","","","",,"","",Vérins de translation,u,4 vérins à changer par outils,,"",0,"","","",4,5,,,"","",20,500,$,"",""
1014,,,584300,4500005,"","","","",,X,"",Treuils de distribution béton,u,1  treuil par outil,,"",0,"","","",1,5,,,"","",5,2000,$,"",""
1015,,,584300,,"","",POMPES HYDRAULIQUES,"",,"","","",,"",,"",0,"","","",,,,,"","",0,0,$,"",""
1017,,,584300,,"",MATERIEL DE POMPAGE DES EAUX,"","",,"","","",,"",,"",0,"","","",,,,,"","",0,0,$,"",""
1018,,,583100,,"","",DECANTATION,"",,"","","",,"",,"",0,"","","",,,,,"","",0,0,$,"",""
1019,,,583100,0300201,"","","","",Baker tank,"","",,,,,,,"","","",,,,,"","",,,,"",""
1020,,,583100,0300201,,,,,,X,"",Baker tank,mois,Location 6 mois - 8 unités,,24,0,"","","",6,8,,,"","",48,2500,$,"",""
1021,,,583100,0920301,"","","","",Matériel de pompage,"","",,,,,,,"","","",,,,,"","",,,,"",""
1022,,,583100,0920301,,,,,,X,"",Matériel de pompage,,"Pompes et tuyaux, réservoirs intermédiaires",,3,0,"","","",8,,,,"","",8,5000,$,"",""
1023,,,583100,,"","","","",Protection ligne à eau,"","",,,,,,,"","","",,,,,"","",,,,"",""
1024,,,583100,,,,,,,X,"",Protection ligne à eau,,Protection hivernale,,"",0,"","","",,,,,"","",0,0,$,"",""
1025,,,583100,0000002,"","","","",Pompes + Hoses,"","",,,,,,,"","","",,,,,"","",,,,"",""
1026,,,583100,0000002,,,,,,X,"",Pompes + Hoses,LS,Pompea et hoses pour traiter l'eau,50,"",0,"","","",1,,,,"","",1,10000,$,"",""
1027,,,583100,,"","",LAVEUSE A PRESSION,"",,"","","",,"",,"",0,"","","",,,,,"","",0,0,$,"",""
1028,,,583100,0000002,"","","","",Laveuse à pression,"","",,,,,,,"","","",,,,,"","",,,,"",""
1029,,,583100,0000002,,,,,,X,"",Laveuse à pression,,2 unités,100,"",0,"","","",2,,,,"","",2,7000,$,"",""
1030,,,583100,7000501,"","","","",Entretien mensuel,"","",,,,,,,"","","",,,,,"","",,,,"",""
1031,,,583100,7000501,,,,,,X,"",Entretien mensuel,mois,entretien  mensuel,,6,0,"","","",2,18,,,"","",36,500,$,"",""
1032,,,583100,,"","",POMPES,"",,"","","",,"",,"",0,"","","",,,,,"","",0,0,$,"",""
1033,,,583100,3000026,"","","","","Sanivac, nettoyage + pompage de l'eau","","",,,,,,,"","","",,,,,"","",,,,"",""
1034,,,583100,3000026,,,,,,X,"","Sanivac, nettoyage + pompage de l'eau",hre,(8 mois x 30jours/mois x 12h/j),,1080,0,"","","",8,30,12,,"","",2880,350,$,"",""
1035,,,583100,3000026,"","","","",BalaisTech,"","",,,,,,,"","","",,,,,"","",,,,"",""
1036,,,583100,3000026,,,,,,X,"",BalaisTech,,(8 mois x 30jours/mois x 12h/j),,1080,0,"","","",8,30,12,,"","",2880,185,$,"",""
1037,,,583100,,"","",ARMOIRES ELECTRIQUES,"",,"","","",,"",,"",0,"","","",,,,,"","",0,0,$,"",""
1039,,,583100,,"",MATERIEL AIR,"","",,"","","",,"",,"",0,"","","",,,,,"","",0,0,$,"",""
1040,,,583100,,"","",COMPRESSEURS FIXES,"",,"","","",,"",,"",0,"","","",,,,,"","",0,0,$,"",""
1041,,,583100,0000002,"","","","",Compresseur électriques,"","",,,,,,,"","","",,,,,"","",,,,"",""
1042,,,583100,0000002,,,,,,X,"",Compresseur électriques,,"Compresseurs avec réservoir et assécheur + hivernation entreprise Larry, PO donné",,1,0,"","","",2,,,,"","",2,140000,$,"",""
1043,,,583100,1300301,"","","","",Serrurerie pour support de ventilteur,"","",,,,,,,"","","",,,,,"","",,,,"",""
1044,,,583100,1300301,,,,,,X,"",Serrurerie pour support de ventilteur,,"",,2,0,"","","",2,,,,"","",2,15000,$,"",""
1045,,,583100,7000501,"","","","",Entretien mensuel,"","",,,,,,,"","","",,,,,"","",,,,"",""
1046,,,583100,7000501,,,,,,X,"",Entretien mensuel,mois,entretien  mensuel,,6,0,"","","",2,18,,,"","",36,500,$,"",""
1047,,,583100,,"","",COMPRESSUERS MOBILES,"",,"","","",,"",,"",0,"","","",,,,,"","",0,0,$,"",""
1049,,,583100,0300201,"","","","",Compresseur 375,"","",,,,,,,"","","",,,,,"","",,,,"",""
1050,,,583100,0300201,,,,,,X,"",Compresseur 375,mois,2 compresseurs par côté - 10 mois,,"",0,"","","",4,10,,,"","",40,1195,$,"",""
1051,,,583100,0300201,"","","","",Ligne à air,"","",,,,,,,"","","",,,,,"","",,,,"",""
1052,,,583100,0300201,,,,,,X,"",Ligne à air,mois,2 lignes par côté - par 50' - 10 mois,,"",0,"","","",4,12,10,,"","",480,17.49,$,"",""
1053,,,583100,7000501,"","","","",Maintenance,"","",,,,,,,"","","",,,,,"","",,,,"",""
1054,,,583100,7000501,,,,,,X,"",Maintenance,u,1 unité par côté,,"",0,"","","",1,2,10,,"","",20,750,$,"",""
1055,,,583100,,"","",VENTILATION,"",,"","","",,"",,"",0,"","","",,,,,"","",0,0,$,"",""
1057,,,583100,0000002,"","","","",Achat des ventilateurs,"","",,,,,,,"","","",,,,,"","",,,,"",""
1058,,,583100,0000002,,,,,,X,"",Achat des ventilateurs,u,6 ventilateurs,100,"",0,"","","",6,,,,"","",6,6700,$,"",""
1059,,,583100,0000002,"","","","",Achat des silencieux,"","",,,,,,,"","","",,,,,"","",,,,"",""
1060,,,583100,0000002,,,,,,X,"",Achat des silencieux,u,12 silencieux,,"",0,"","","",12,,,,"","",12,3271,$,"",""
1061,,,583100,7000501,"","","","",Maintenance ventilateurs,"","",,,,,,,"","","",,,,,"","",,,,"",""
1062,,,583100,7000501,,,,,,X,"",Maintenance ventilateurs,u,3 unités,,"",0,"","","",3,,,,"","",3,1000,$,"",""
1063,,,583100,3000026,"","","","",Supports métalliques Camiré,"","",,,,,,,"","","",,,,,"","",,,,"",""
1064,,,583100,3000026,,,,,,X,"",Supports métalliques Camiré,,Selon factures,,"",0,"","","",1,,,,"","",1,7000,$,"",""
1065,,,583100,3000026,"","","","",Ingénierie,"","",,,,,,,"","","",,,,,"","",,,,"",""
1066,,,583100,3000026,,,,,,X,"",Ingénierie,,Selon contrat,,"",0,"","","",1,,,,"","",1,11500,$,"",""
1067,,,583100,3000026,"","","","",Raccord électrique Grimard,"","",,,,,,,"","","",,,,,"","",,,,"",""
1068,,,583100,3000026,,,,,,X,"",Raccord électrique Grimard,,Montant forfaitaire estimé,,"",0,"","","",1,,,,"","",1,80000,$,"",""
1069,,,584300,,"","",CHAUFFAGE,"",,"","","",,"",,"",0,"","","",,,,,"","",0,0,$,"",""
1070,,,584300,0970004,"","","","",Chauffage,"","",,,,,,,"","","",,,,,"","",,,,"",""
1071,,,584300,0970004,,,,,,X,"",Chauffage,LS,équipement de chauffage,50,"",0,"","","",1,,,,"","",1,50000,$,"",""
1072,,,584300,3000026,"","","","",électricité,"","",,,,,,,"","","",,,,,"","",,,,"",""
1073,,,584300,3000026,,,,,,X,"",électricité,LS,Grimard,50,"",0,"","","",1,,,,"","",1,100000,$,"",""
1074,,,584300,,"","",AUTRES,"",,"","","",,"",,"",0,"","","",,,,,"","",0,0,$,"",""
1075,,,584300,0970004,"","","","",,X,"",Air négative,,6 unités,,"",0,"","","",6,,,,"","",6,1500,$,"",""
1076,,,584300,,"",MATERIEL ECHAFAUDAGE,"","",,"","","",,"",,"",0,"","","",,,,,"","",0,0,$,"",""
1077,,,583100,,"","",TOUR DÈSCALIER,"",,"","","",,"",,"",0,"","","",,,,,"","",0,0,$,"",""
1078,,,583100,0300201,"","","","",Deux tours d'escalier aux portails,"","",,,,,,,"","","",,,,,"","",,,,"",""
1079,,,583100,0300201,,,,,,X,"",Deux tours d'escalier aux portails,u,Location pendant un an et demi,17,"",0,"","","",2,,,,"","",2,17500,$,"",""
1080,,,584300,,"","",ABRI DE CHAUFFAGE,"",,"","","",,"",,"",0,"","","",,,,,"","",0,0,$,"",""
1081,,,584300,,"","","",Abri de chauffage pour tunnel,,"","","",,"",,"",0,"","","",,,,,"","",0,0,$,"",""
1083,,,584300,,"","","",Abri de chauffage pour activite de demolition,,"","","",,"",,"",0,"","","",,,,,"","",0,0,$,"",""
1085,,,584300,,"","","",Abri de chauffage pour les portails et approches,,"","","",,"",,"",0,"","","",,,,,"","",0,0,$,"",""
1087,,,583100,,"","",ECHAFAUDAGES DE TRAVAIL,"",,"","","",,"",,"",0,"","","",,,,,"","",0,0,$,"",""
1088,,,583100,,"","","",Echafaudage de travaill pour mur portail et approche,,"","","",,"",,"",0,"","","",,,,,"","",0,0,$,"",""
1089,,,583100,,"","","","",Amenée et installation d'un échafaudage,"","",,,,,,,"","","",,,,,"","",,,,"",""
1091,,,583100,2000301,"","","","",,"","",Amenée du matériel,,Amenée du matériel sur site en 1 seule fois,,"",0,"","","",2,,,,"","",2,3000,$,"",""
1092,,,583100,0970004,"","","","",,"","",Montage,fft,1 semaine de montage à 5 personnes,,"",0,"","","",5,5,10,,"","",250,105,$,"",""
1093,,,583100,0970004,"","","","",,X,"",Réception après montage,u,1 réception par mur et côté,,"",0,"","","",4,,,,"","",4,2000,$,"",""
1094,,,583100,,"","","","",Location de l'échafaudage,"","",,,,,,,"","","",,,,,"","",,,,"",""
1096,,,583100,0300201,"","","","",,"","",Location du matériel monté,mois,Location mensuel d'un échafaudage bâché de janvier à avril,,"",0,"","","",4,,,,"","",4,5500,$,"",""
1097,,,583100,4400004,"","","","",,X,"",Achat de bâches de couverture,m²,2 jeux de bâches par Portail/Approche,,"",0,"","","",2,2,1800,,"","",7200,3,$,"",""
1098,,,583100,,"","","","",Démontage et repli,"","",,,,,,,"","","",,,,,"","",,,,"",""
1100,,,583100,0970004,"","","","",,"","",Démontage,fft,1 semaine de montage à 5 personnes,,"",0,"","","",5,5,10,,"","",250,105,$,"",""
1101,,,583100,2000301,"","","","",,"","",Repli du matériel,,Amenée du matériel sur site en 1 seule fois,,"",0,"","","",2,,,,"","",2,3000,$,"",""
1102,,,583100,0970004,"","","","",,X,"",Remise en état du matériel en fin de chantier,fft,10 % du montant de la location,,"",0,"","","",22000,0.1,,,"","",2200,1,$,"",""
1103,,,583100,,"","",PLATEFORMES DE TRAVAIL,"",,"","","",,"",,"",0,"","","",,,,,"","",0,0,$,"",""
1104,,,583100,,"","","",Platefornes P&A,,"","","",,"",,"",0,"","","",,,,,"","",0,0,$,"",""
1105,,,583100,,"","","","",Plateformes haut de mur,"","",,,,,,,"","","",,,,,"","",,,,"",""
1107,,,583100,0300201,"","","","",,"","",Location matériel pour plateforme,fft,Estimation mensuelle à 2500$ ; 6 mois,,"",0,"","","",1,6,,,"","",6,2500,$,"",""
1108,,,583100,0970004,"","","","",,"","",Installation et démantèlement,,Montant forfaitaire estimé,,"",0,"","","",2,,,,"","",2,15000,$,"",""
1109,,,583100,0970004,"","","","",,X,"",Réception après montage,,1 réception par mur et côté,,"",0,"","","",2,,,,"","",2,2000,$,"",""
1110,,,584200,,"","","",Plateforme FRACO,,"","","",,"",,"",0,"","","",,,,,"","",0,0,$,"",""
1111,,,584200,,"","","","",Plateforme de travail bi-mats type FRSM-20K,"","",,,,,,,"","","",,,,,"","",,,,"",""
1113,,,584200,0000002,"","","","",,"","",Achat plateforme bi-mats 82',u,"",,"",0,"","","",6,,,,"","",6,193860,$,"",""
1114,,,584200,0000002,"","","","",,"","",Remise commercial sur achat,%,"",,"",0,"","","",-0.15,,,,"","",-0.15,1163160,$,"",""
1115,,,584200,0000002,"","","","",,"","",Adaptation largeur plancher 13' / bi-mats,u,"",,"",0,"","","",6,,,,"","",6,27550,$,"",""
1116,,,584200,0000002,"","","","",,"","",Jeux de roules ripage pour bi-mats,u,"",,"",0,"","","",6,,,,"","",6,59120,$,"",""
1117,,,584200,0000002,"","","","",,"","",Motorisation électriques sur batterie,u,matériel inclus,,"",0,"","","",9,,,,"","",9,0,$,"",""
1118,,,584200,0000002,"","","","",,"","",Escaliers,u,matériel inclus,,"",0,"","","",9,,,,"","",9,0,$,"",""
1119,,,584200,0000002,"","","","",,"","",Transports,u,"",,"",0,"","","",7,,,,"","",7,650,$,"",""
1120,,,584200,0000002,"","","","",,X,"",Installation(s) bi-mats longueur 82',u,"",,"",0,"","","",6,,,,"","",6,5600,$,"",""
1121,,,584200,,"","","","",Plateforme de travail mono-mats type FRSM-20K,"","",,,,,,,"","","",,,,,"","",,,,"",""
1123,,,584200,0000002,"","","","",,"","",Achat plateforme bi-mats 41',u,"",,"",0,"","","",6,,,,"","",6,98236,$,"",""
1124,,,584200,0000002,"","","","",,"","",Remise commercial sur achat,%,"",,"",0,"","","",-0.15,,,,"","",-0.15,589416,$,"",""
1125,,,584200,0000002,"","","","",,"","",Adaptation largeur plancher 13' / bi-mats,u,"",,"",0,"","","",6,,,,"","",6,13250,$,"",""
1126,,,584200,0000002,"","","","",,"","",Jeux de roules ripage pour mono-mats,u,"",,"",0,"","","",6,,,,"","",6,29560,$,"",""
1127,,,584200,0000002,"","","","",,"","",Motorisation électriques sur batterie,u,matériel inclus,,"",0,"","","",9,,,,"","",9,0,$,"",""
1128,,,584200,0000002,"","","","",,"","",Escaliers,u,matériel inclus,,"",0,"","","",9,,,,"","",9,0,$,"",""
1129,,,584200,0000002,"","","","",,"","",Transports,u,"",,"",0,"","","",7,,,,"","",7,650,$,"",""
1130,,,584200,0000002,"","","","",,X,"",Installation(s) bi-mats longueur 82',u,"",,"",0,"","","",6,,,,"","",6,2800,$,"",""
1131,,,584200,,"","","","",Autres frais,"","",,,,,,,"","","",,,,,"","",,,,"",""
1133,,,584200,0300201,"","","","",,"","",Formation,,"",,"",0,"","","",1,,,,"","",1,2500,$,"",""
1134,,,584200,0300201,"","","","",,"","",Plans et études,,"",,"",0,"","","",1,,,,"","",1,3100,$,"",""
1135,,,584200,0300201,"","","","",,"","",Visite de l'ingénieur suite aux installations,,"",,"",0,"","","",12,,,,"","",12,650,$,"",""
1136,,,584200,0970004,"","","","",,X,"",Frais montage et démontage supplémentaire,,5 montage démontage supolémentaires,,"",0,"","","",5,,,,"","",5,5000,$,"",""
1138,,,584200,,"","","","",En propre,"","",,,,,,,"","","",,,,,"","",,,,"",""
1140,,,584200,4400004,"","","","",,"","",Contingence pour remise en état,,"Remise en état après la phase 1, 1000h 100$/H<",,"",0,"","","",500,,,,"","",500,100,$,"",""
1141,,,584200,4500005,"","","","",,X,"",petits outils,,7% de la M-O,,"",0,"","","",0.07,,,,"","",0.07,50000,$,"",""
1142,,,584200,,"",MATERIEL ELECTRIQUE,"","",,"","","",,"",,"",0,"","","",,,,,"","",0,0,$,"",""
1143,,,583100,,"","",ARMOIRES ELECTRIQUES,"",,"","","",,"",,"",0,"","","",,,,,"","",0,0,$,"",""
1145,,,583100,,"","",ECLAIRAGE,"",,"","","",,"",,"",0,"","","",,,,,"","",0,0,$,"",""
1146,,,583100,0300201,"","","","",Tower light,"","",,,,,,,"","","",,,,,"","",,,,"",""
1147,,,583100,0300201,,,,,,X,"",Tower light,mois,4 unité pendant 18 mois,,18,0,"","","",6,18,,,"","",108,350,$,"",""
1148,,,583100,7000501,"","","","",Frais d'entretien et de maintenace,"","",,,,,,,"","","",,,,,"","",,,,"",""
1149,,,583100,7000501,,,,,,X,"",Frais d'entretien et de maintenace,mois,intervention mensuel,,3,0,"","","",18,,,,"","",18,1000,$,"",""
1150,,,583100,,"","",CABLAGE,"",,"","","",,"",,"",0,"","","",,,,,"","",0,0,$,"",""
1151,,,583100,4400004,"","","","",,X,"",Matériel électrique de chaniter,,Forfait cablage et petit matériaux pour besoins chantier,,"",0,"","","",1,,,,"","",1,50000,$,"",""
1152,,,583100,,"",MATERIEL DE TERRASSEMENT,"","",,"","","",,"",,"",0,"","","",,,,,"","",0,0,$,"",""
1153,,,583100,,"","",MINI PELLE,"",,"","","",,"",,"",0,"","","",,,,,"","",0,0,$,"",""
1154,,,583100,0000002,"","","","",,X,"",Mini pelle,,"",,"",0,"","","",1,,,,"","",1,350000,$,"",""
1155,,,583100,,"","",PELLE,"",,"","","",,"",,"",0,"","","",,,,,"","",0,0,$,"",""
1157,,,583100,,"","",COMPACTEUR,"",,"","","",,"",,"",0,"","","",,,,,"","",0,0,$,"",""
1159,,,583100,,"",MATERIEL DE MANUTENTION,"","",,"","","",,"",,"",0,"","","",,,,,"","",0,0,$,"",""
1160,,,583100,,"","",MANUSCOPIC (SKYTRACK),"",,"","","",,"",,"",0,"","","",,,,,"","",0,0,$,"",""
1161,,,583100,,"","","",Portails et approches,,"","","",,"",,"",0,"","","",,,,,"","",0,0,$,"",""
1162,,,583100,E3,"","","","",Gros skytrak,"","",,,,,,,"","","",,,,,"","",,,,"",""
1163,,,583100,E3,,,,,,X,"",Gros skytrak,s,1 par côté pendant 18 mois,,24,0,"","","",2,18,4,,"","",144,4000,$,"",""
1164,,,583100,E3,"","","","",Petit skytrak,"","",,,,,,,"","","",,,,,"","",,,,"",""
1165,,,583100,E3,,,,,,X,"",Petit skytrak,s,1 par côté pendant 18 mois,,24,0,"","","",2,18,4,,"","",144,2500,$,"",""
1166,,,583100,7000501,"","","","",Maintenance,"","",,,,,,,"","","",,,,,"","",,,,"",""
1167,,,583100,7000501,,,,,,X,"",Maintenance,u,2 fois de la maintenance par unité,,"1,33",0,"","","",4,2,,,"","",8,1000,$,"",""
1168,,,583100,7000501,"","","","",Remise en état des locations,"","",,,,,,,"","","",,,,,"","",,,,"",""
1169,,,583100,7000501,,,,,,X,"",Remise en état des locations,,2500/ unités,,"0,67",0,"","","",4,,,,"","",4,2500,$,"",""
1170,,,583100,,"","",NACELLES,"",,"","","",,"",,"",0,"","","",,,,,"","",0,0,$,"",""
1171,,,583100,,"","","",Portails et approches,,"","","",,"",,"",0,"","","",,,,,"","",0,0,$,"",""
1172,,,583100,E3,"","","","",Nacelle articulée 60',"","",,,,,,,"","","",,,,,"","",,,,"",""
1173,,,583100,E3,,,,,,X,"",Nacelle articulée 60',s,3 par côté pendant 10 mois,,12,0,"","","",6,10,,,"","",60,1575.75,$,"",""
1174,,,583100,7000501,"","","","",Maintenance,"","",,,,,,,"","","",,,,,"","",,,,"",""
1175,,,583100,7000501,,,,,,X,"",Maintenance,u,2 fois de la maintenance par unité,,"2,4",0,"","","",6,2,,,"","",12,1000,$,"",""
1176,,,583100,7000501,"","","","",Remise en état des locations,"","",,,,,,,"","","",,,,,"","",,,,"",""
1177,,,583100,7000501,,,,,,X,"",Remise en état des locations,,2500/ unités,,"1,2",0,"","","",6,,,,"","",6,2500,$,"",""
1178,,,583100,,"","",CISEAUX,"",,"","","",,"",,"",0,"","","",,,,,"","",0,0,$,"",""
1179,,,583100,,"","","",Portails et approches,,"","","",,"",,"",0,"","","",,,,,"","",0,0,$,"",""
1180,,,583100,E3,"","","","",Redlift,"","",,,,,,,"","","",,,,,"","",,,,"",""
1181,,,583100,E3,,,,,,X,"",Redlift,s,2 par côté pendant 10 mois,,8,0,"","","",4,10,,,"","",40,1690,$,"",""
1182,,,583100,7000501,"","","","",Maintenance,"","",,,,,,,"","","",,,,,"","",,,,"",""
1183,,,583100,7000501,,,,,,X,"",Maintenance,u,2 fois de la maintenance par unité,,"1,6",0,"","","",4,2,,,"","",8,1000,$,"",""
1184,,,583100,7000501,"","","","",Remise en état des locations,"","",,,,,,,"","","",,,,,"","",,,,"",""
1185,,,583100,7000501,,,,,,X,"",Remise en état des locations,,2500/ unités,,"0,8",0,"","","",4,,,,"","",4,2500,$,"",""
1186,,,583100,,"","",AUTRES,"",,"","","",,"",,"",0,"","","",,,,,"","",0,0,$,"",""
1187,,,583100,0970004,"","","","",PAM,"","",,,,,,,"","","",,,,,"","",,,,"",""
1188,,,583100,0970004,,,,,,X,"",PAM,u,2 unités,,"",0,"","","",2,,,,"","",2,48000,$,"",""
1189,,,583100,0970004,"","","","",Bras articulés zéro gravité,"","",,,,,,,"","","",,,,,"","",,,,"",""
1190,,,583100,0970004,,,,,,X,"",Bras articulés zéro gravité,u,4 unités,,"",0,"","","",4,,,,"","",4,5500,$,"",""
1191,,,583100,0970004,"","","","",Bras articulés zéro gravité aerial,"","",,,,,,,"","","",,,,,"","",,,,"",""
1192,,,583100,0970004,,,,,,X,"",Bras articulés zéro gravité aerial,u,4 unités,,"",0,"","","",4,,,,"","",4,7951.22,$,"",""
1193,,,583100,0970004,"","","","",Motrec,"","",,,,,,,"","","",,,,,"","",,,,"",""
1194,,,583100,0970004,,,,,,X,"",Motrec,u,"",,"",0,"","","",1,,,,"","",1,23000,$,"",""
1195,,,583100,0970004,"","","","",Rebar bender,"","",,,,,,,"","","",,,,,"","",,,,"",""
1196,,,583100,0970004,,,,,,X,"",Rebar bender,u,2 plieuses,,"",0,"","","",2,,,,"","",2,4500,$,"",""
1197,,,583100,E3,"","","","",Transpalette,"","",,,,,,,"","","",,,,,"","",,,,"",""
1198,,,583100,E3,,,,,,X,"",Transpalette,u,"",,2,0,"","","",2,,,,"","",2,6800,$,"",""
1199,,,583100,7000501,"","","","",Remise en état des locations,"","",,,,,,,"","","",,,,,"","",,,,"",""
1200,,,583100,7000501,,,,,,X,"",Remise en état des locations,,2500/ unités,,10,0,"","","",10,,,,"","",10,2500,$,"",""
1201,,,,,TRANSPORTS GENERAUX,"","","",,"","","",,"",,"",0,"","","",,,,,"","",0,0,$,"",""
1202,,,583100,,"","",TRANSPORT ÉQUIPES,"",,"","","",,"",,"",0,"","","",,,,,"","",0,0,$,"",""
1203,,,583100,E3,"","","","",Kubota,"","",,,,,,,"","","",,,,,"","",,,,"",""
1204,,,583100,E3,,,,,,X,"",Kubota,u,12 kubota,,6,0,"","","",12,,,,"","",12,40000,$,"",""
1205,,,583100,E3,"","","","",Bobcat,"","",,,,,,,"","","",,,,,"","",,,,"",""
1206,,,583100,E3,,,,,,X,"",Bobcat,u,"",17,"",0,"","","",1,,,,"","",1,44275,$,"",""
1207,,,583100,E3,"","","","",Voiturette,"","",,,,,,,"","","",,,,,"","",,,,"",""
1208,,,583100,E3,,,,,,X,"",Voiturette,u,3 unités,17,"",0,"","","",5,,,,"","",5,7500,$,"",""
1209,,,583100,7000501,"","","","",Remise en état des locations,"","",,,,,,,"","","",,,,,"","",,,,"",""
1210,,,583100,7000501,,,,,,X,"",Remise en état des locations,,2500/ unités,,"",0,"","","",10,,,,"","",10,2500,$,"",""
1212,,,583100,,"",TRANSPORT DE MATERIEL,"","",,"","","",,"",,"",0,"","","",,,,,"","",0,0,$,"",""
1213,,,583100,,"","",TRANSPORTS INTERNE AU CHANTIER,"",,"","","",,"",,"",0,"","","",,,,,"","",0,0,$,"",""
1214,,,583100,2000301,"","","","",Transport et déplacement de matériel,"","",,,,,,,"","","",,,,,"","",,,,"",""
1215,,,583100,2000301,,,,,,X,"",Transport et déplacement de matériel,,Location d`un camion plateau (5 jours/mois),,15,0,"","","",1,5,18,,"","",90,1500,$,"",""
1217,,,583100,,"","",TRANSPORTS EXTERNE,"",,"","","",,"",,"",0,"","","",,,,,"","",0,0,$,"",""
1219,,,,,CHAUDRONNERIE ET MENUISERIE,"","","",,"","","",,"",,"",0,"","","",,,,,"","",0,0,$,"",""
1220,,,583100,,"",CHAUDRONNERIE SPECIFIQUE,"","",,"","","",,"",,"",0,"","","",,,,,"","",0,0,$,"",""
1221,,,583100,1300301,"","","","",Fourniture et livraison de pièces métalliques,"","",,,,,,,"","","",,,,,"","",,,,"",""
1222,,,583100,1300301,,,,,,X,"",Fourniture et livraison de pièces métalliques,,Serrurerie divers,,3,0,"","","",18,,,,"","",18,2000,$,"",""
1223,,,583100,,"",MENUISERIE,"","",,"","","",,"",,"",0,"","","",,,,,"","",0,0,$,"",""
1227,,,,,FRAIS DE FONCTIONNEMENT,"","","",,"","","",,"",,"",0,"","","",,,,,"","",0,0,$,"",""
1228,,,,,"",CONSOMMABLES,"","",,"","","",,"",,"",0,"","","",,,,,"","",0,0,$,"",""
1229,,,583100,,"","",EAU,"",,"","","",,"",,"",0,"","","",,,,,"","",0,0,$,"",""
1230,,,583100,7000501,"","","","",Ligne à eau,"","",,,,,,,"","","",,,,,"","",,,,"",""
1231,,,583100,7000501,,,,,,X,"",Ligne à eau,mois,1 ligne par côté - 50 pieds - 12 mois,,96,0,"","","",2,16,12,,"","",384,12.34,$,"",""
1232,,,583100,7000501,"","","","",Hivernisation ligne à eau,"","",,,,,,,"","","",,,,,"","",,,,"",""
1233,,,583100,7000501,,,,,,X,"",Hivernisation ligne à eau,fft,1 ligne,50,"",0,"","","",1,,,,"","",1,75000,$,"",""
1234,,,583100,90AL02,"","","","",Ouvrier - Simple,"","",,,,,,,"","","",,,,,"","",,,,"",""
1235,,,583100,90AL02,,,,,,X,"",Ouvrier - Simple,hre,Installation ligne à eau et ligne à air (4 gars 30 jours),15.7894737,"",0,"","","",4,30,9,,"","",1080,79.15,$,"",""
1236,,,583100,,"","",ELECTRICITE,"",,"","","",,"",,"",0,"","","",,,,,"","",0,0,$,"",""
1239,,,583100,,"","",FIOUL,"",,"","","",,"",,"",0,"","","",,,,,"","",0,0,$,"",""
1240,,,583100,,"","","",Fioul pour periode hivernal,,"","","",,"",,"",0,"","","",,,,,"","",0,0,$,"",""
1241,,,583100,1200001E,"","","","",Consommation fiuol,"","",,,,,,,"","","",,,,,"","",,,,"",""
1242,,,583100,1200001E,,,,,,X,"",Consommation fiuol,l,6 mois d'activite hivernal - 10 000 l/jour,,300000,0,"","","",3333.333,30,6,,"","",599999.94,1.7,$,"",""
1243,,,583100,1200001E,"","","","",Ravittaillement,"","",,,,,,,"","","",,,,,"","",,,,"",""
1244,,,583100,1200001E,,,,,,X,"",Ravittaillement,l,"",,300000,0,"","","",3333.333,30,6,,"","",599999.94,1.55,$,"",""
1245,,,583100,,"","","",Fioul pour periode hors hiver,,"","","",,"",,"",0,"","","",,,,,"","",0,0,$,"",""
1246,,,583100,1200001E,"","","","",Consommation fiuol,"","",,,,,,,"","","",,,,,"","",,,,"",""
1247,,,583100,1200001E,,,,,,X,"",Consommation fiuol,l,12 mois d'activite hivernal - 10 000 l/jour,,"",0,"","","",1125,30,12,,"","",405000,1.7,$,"",""
1248,,,583100,0970004,"","","","",Réservoirs 1000L,"","",,,,,,,"","","",,,,,"","",,,,"",""
1249,,,583100,0970004,,,,,,X,"",Réservoirs 1000L,u,2 réservoirs - 12 mois,,"",0,"","","",2,12,28,,"","",672,10.06,$,"",""
1250,,,583100,,"",ACCES & SURVEILLANCE,"","",,"","","",,"",,"",0,"","","",,,,,"","",0,0,$,"",""
1251,,,584300,,"","",VIDEO SURVEILLANCE,"",,"","","",,"",,"",0,"","","",,,,,"","",0,0,$,"",""
1253,,,584300,,"","",CONTRÔLE D'ACCES,"",,"","","",,"",,"",0,"","","",,,,,"","",0,0,$,"",""
1254,,,584300,,"","","","",Barriere d`acces - Installation,"","",,,,,,,"","","",,,,,"","",,,,"",""
1257,,,584300,,"","","","",Barriere dàcces - Maintenance,"","",,,,,,,"","","",,,,,"","",,,,"",""
1260,,,584300,,"","",NETTOYAGE DE VOIRIE,"",,"","","",,"",,"",0,"","","",,,,,"","",0,0,$,"",""
1263,,,584300,,"","",CLOTURES,"",,"","","",,"",,"",0,"","","",,,,,"","",0,0,$,"",""
1267,,,584300,,"",CANTONNEMENTS ET ROULOTTES,"","",,"","","",,"",,"",0,"","","",,,,,"","",0,0,$,"",""
1268,,,584300,,"","",ENTRETIEN DES ROULOTTES BUREAUX,"",,"","","",,"",,"",0,"","","",,,,,"","",0,0,$,"",""
1270,,,584300,,"","",ENTRETIENS DES ROULOTTES VESTIARIES,"",,"","","",,"",,"",0,"","","",,,,,"","",0,0,$,"",""
1272,,,584300,,"",TRAITEMENT DES DECHETS,"","",,"","","",,"",,"",0,"","","",,,,,"","",0,0,$,"",""
1273,,,583100,,"","","",Container de traitement,,"","","",,"",,"",0,"","","",,,,,"","",0,0,$,"",""
1274,,,583100,0950201,"","","","",Containers de déchets généraux,"","",,,,,,,"","","",,,,,"","",,,,"",""
1275,,,583100,0950201,,,,,,X,"",Containers de déchets généraux,u,2 containers - 12 mois,17,"",0,"","","",2,,,,"","",2,4875,$,"",""
1276,,,583100,0950201,"","","","",Containers de béton,"","",,,,,,,"","","",,,,,"","",,,,"",""
1277,,,583100,0950201,,,,,,X,"",Containers de béton,u,2 containers - 12 mois,17,"",0,"","","",2,,,,"","",2,4875,$,"",""
1278,,,583100,0950201,"","","","",Containers matériaux,"","",,,,,,,"","","",,,,,"","",,,,"",""
1279,,,583100,0950201,,,,,,X,"",Containers matériaux,u,2 containers - 12 mois,17,"",0,"","","",2,,,,"","",2,4875,$,"",""
1280,,,,,AUTRES,"","","",,"","","",,"",,"",0,"","","",,,,,"","",0,0,$,"",""
1281,,,583100,,"",Systèmes de protection,"","",,"","","",,"",,"",0,"","","",,,,,"","",0,0,$,"",""
1282,,,583100,,"","","","",Protection sur jerseys,"","",,,,,,,"","","",,,,,"","",,,,"",""
1284,,,583100,4400004,"","","","",,"","",Barrière protection plywood 5/8X4X12,fft,"",,"",0,"","","",1,,,,"","",1,14861,$,"",""
1285,,,583100,4400004,"","","","",,"","",Barrière protection plywood 5/8X4X12,fft,"",,"",0,"","","",1,,,,"","",1,25020,$,"",""
1286,,,583100,4400004,"","","","",,"","",Structure protection 4m acier noir,fft,"",,"",0,"","","",1,,,,"","",1,137085,$,"",""
1287,,,583100,4400004,"","","","",,"","",Structure protection 4m acier noir,fft,"",,"",0,"","","",1,,,,"","",1,79040,$,"",""
1288,,,583100,4400004,"","","","",,"","",Barrière protection plywood 5/8X4X12,fft,"",,"",0,"","","",1,,,,"","",1,24869,$,"",""
1289,,,583100,4400004,"","","","",,X,"",Barrière protection plywood 5/8X4X12,fft,"",,"",0,"","","",1,,,,"","",1,82264,$,"",""
1291,,,583100,,"","","",Cabanage hivernal,,"","","",,"",,"",0,"","","",,,,,"","",0,0,$,"",""
1293,,,583100,,"",Frais ouverture d'usine à béton,"","",,"","","",,"",,"",0,"","","",,,,,"","",0,0,$,"",""
1294,,,584300,,"","","",Ouverture de nuit,,"","","",,"",,"",0,"","","",,,,,"","",0,0,$,"",""
1295,,,584300,6000034,"","","","",,"","",Frais ouverture de nuit,,Pendant la période des murs et voûte (avril à août),,"",0,"","","",4,20,,,"","",80,3500,$,"",""
1296,,,584300,6000034,"","","","",,X,"",frais ouverture Dimanche 3500$ bloc 6hrs,u,Pendant la période des murs et voûte (avril à août),,"",0,"","","",4,8,,,"","",32,3500,$,"",""
